id;name;origin;grapes;price;description;story;image_url;category;temperature;alcohol;pairing;tasting_notes;flavor_notes;vintage;region;sweetness;body;tannin;acidity;fizzy;created_at;updated_at
7c5bc3f8-a7a1-40f5-924d-5094bf78e437;Bervini Brut;Friuli-Venezia Giulia, Italy;Glera;450,000₫;Bervini Brut là vang sủi (sparkling wine) được sản xuất từ giống nho Glera kết hợp cùng một số giống nho trắng địa phương, trồng tại vùng Friuli Venezia Giulia, miền Đông Bắc nước Ý. Rượu mang phong cách tươi mới, thanh lịch và dễ thưởng thức, đúng tinh thần của dòng Nature Line.;"Rượu được làm theo phương pháp Martinotti – Charmat, lên men lần hai trong bồn thép kín (autoclave), giúp giữ trọn độ tươi, hương trái cây tự nhiên và tạo nên bọt sủi mịn, nhẹ nhàng. Bervini Brut có màu sắc sáng trong, bọt mịn và đều, mang lại cảm giác tinh tế ngay từ ánh nhìn đầu tiên.

Trên mũi, rượu thể hiện hương trái cây tươi sạch, nhẹ nhàng và rõ ràng. Khi thưởng thức, vị rượu tươi mát, trái cây nổi bật, độ axit dễ chịu, mang đến cảm giác sảng khoái và cân bằng, không quá ngọt, không nặng.

Bervini là kết tinh của ba thế hệ gia đình Bergamo – Antonio, Giuseppe và Paolo – cùng chung niềm đam mê dành cho rượu vang chất lượng. Từ năm 1955, Bervini đã gắn bó với nghề trồng nho và sản xuất những chai vang thanh lịch, hài hòa và giàu cảm xúc. Đến thập niên 1990, các vườn nho của Bervini được canh tác theo phương pháp hữu cơ.";/wines/bervini-brut-fixed.jpg;sparkling;5-8°C;11%;Khai vị, hải sản, salad và các món nhẹ;Cam quýt, mật ong, táo, đào, bọt mịn, tươi mát;"[""Cam quýt"",""Mật ong"",""Cam"",""Đào"",""Táo""]";;Đông Bắc nước Ý;0.5;4.0;0.0;5.0;6.0;2025-12-24 07:53:42.2365+00;2025-12-31 16:15:53.454912+00
840d0bc1-6760-469e-b0b8-2659dae9cc91;770 Miles Zinfandel;California, USA;Zinfandel;570,000₫;770 Miles Zinfandel là chai vang đỏ California mang phong cách trẻ trung và dễ tiếp cận. Tên gọi 770 Miles gợi nhắc đến chiều dài bờ biển California, nơi những vườn nho Zinfandel trải dài từ Bắc tới Nam.;"770 Miles Zinfandel California là chai vang đỏ tiêu biểu đến từ tiểu bang California – vùng sản xuất rượu vang quan trọng và đa dạng bậc nhất của Hoa Kỳ. Với điều kiện khí hậu phong phú trải dài từ các thung lũng ven biển mát mẻ như Sonoma, Napa, Carneros cho đến những khu vực ấm áp của Thung lũng Trung tâm và dải ven Thái Bình Dương, California mang đến môi trường lý tưởng để giống nho Zinfandel phát triển trọn vẹn hương vị. 770 Miles là thành quả của đội ngũ chuyên gia thương mại giàu kinh nghiệm, những người đã cẩn trọng lựa chọn, lên men và phối trộn các trái nho Zinfandel chất lượng cao được tuyển chọn từ nhiều vườn nho tại Thung lũng Trung tâm California nhằm tạo nên phong cách rượu ổn định, hài hòa và dễ thưởng thức.

Rượu được sản xuất theo phương pháp truyền thống, chú trọng tôn vinh đặc tính tự nhiên của nho. Sau quá trình lên men malolactic, rượu được làm trong nhanh chóng và bảo quản ở nhiệt độ thấp trong môi trường khí trơ, giúp giữ trọn sự tươi mới và cấu trúc mượt mà. Thành phẩm có màu đỏ ruby quyến rũ với ánh đỏ thẫm sâu lắng. Hương thơm mở ra đầy cuốn hút với các nốt trái cây đen chín mọng như mâm xôi đen, anh đào đen và mận, hòa quyện cùng sắc thái cay nồng đặc trưng của Zinfandel như tiêu đen, quế và thoang thoảng đinh hương, điểm xuyết thêm chút ca cao và cà phê tinh tế từ quá trình ủ gỗ sồi.

Trên vòm miệng, 770 Miles Zinfandel thể hiện phong cách mạnh mẽ, tròn đầy và đậm đà, với hương trái cây mọng nước làm chủ đạo. Tannin hiện diện rõ nhưng êm dịu, cân bằng tốt cùng độ cồn vừa phải, mang lại cảm giác ấm áp và dễ chịu. Hậu vị kéo dài, dai dẳng với dư vị trái cây chín và gia vị hấp dẫn, khiến người thưởng thức muốn nhấp thêm ngụm nữa. Chai vang này đặc biệt phù hợp khi dùng cùng mì ống, pizza, gà nướng, các món ăn hàng ngày hoặc thưởng thức riêng như một ly vang khai vị đầy cá tính.";/wines/770-miles-zinfandel-fixed.jpg;red;16-18°C;13.5%;Chai vang này đặc biệt phù hợp khi dùng cùng mì ống, pizza, gà nướng, các món ăn hàng ngày hoặc thưởng thức riêng như một ly vang khai vị đầy cá tính.;Dâu đen, mâm xôi, anh đào, gia vị nhẹ, tannin mềm mại, dễ uống;"[""Dâu đen"",""Mâm xôi"",""Anh đào"",""Gia vị"",""Sô-cô-la"",""Dâu tây"",""Da thuộc"",""Vani"",""Hoa tím""]";2021;California, Mỹ;5.5;8.0;4.0;3.0;;2025-12-24 07:53:42.2365+00;2025-12-31 16:17:46.476303+00
312e4ac3-2de9-495c-a7bb-8d9cb2be8461;Roberto Riga Rosso;Veneto, Italy;Corvina•Corvinone•Sangiovese;450,000₫;Rượu vang Roberto Riga Rosso là sản phẩm tiêu biểu đến từ vùng Veneto, một trong những vùng sản xuất rượu vang nổi tiếng nhất của miền Bắc nước Ý. Veneto từ lâu đã được biết đến với những chai vang đỏ phong phú và giàu cá tính.;"Veneto có điều kiện tự nhiên lý tưởng cho việc sản xuất rượu vang: khí hậu ôn hòa, đất đai màu mỡ và truyền thống làm rượu lâu đời. Roberto Riga Rosso được phối trộn từ ba giống nho đặc trưng: Corvina mang đến hương trái cây anh đào và độ tươi mát, Corvinone góp phần tạo độ đậm đà và cấu trúc, còn Sangiovese bổ sung độ axit thanh lịch và hương thảo mộc tinh tế.

Rượu có màu đỏ ruby đậm, hương thơm nổi bật của trái cây chín đỏ, anh đào, xen lẫn hương hoa - gia vị khô và thảo mộc. Trên vòm miệng, rượu thể hiện cấu trúc tròn vị, đậm đà vừa phải, tannin chắc nhưng dễ chịu, hậu vị gọn gàng và hài hòa.

Nhờ sự kết hợp hoàn hảo giữa Corvina, Corvinone và Sangiovese, Roberto Riga Rosso mang phong cách vang Ý truyền thống, mạnh mẽ nhưng dễ tiếp cận, phù hợp dùng hằng ngày hoặc trong các bữa tiệc thân mật.";/wines/roberto-riga-fixed.jpg;red;16-18°C;13%;Pizza, pasta, thịt trắng;Bưởi, mâm xôi, anh đào, hoa, thảo mộc, thuốc lá;"[""Bưởi"",""Mâm xôi"",""Anh đào"",""Hoa"",""Thảo mộc"",""Thuốc lá""]";2022;Veneto, Miền Bắc nước Ý;2.0;5.0;5.5;6.0;;2025-12-24 07:53:42.2365+00;2025-12-24 08:45:00.260596+00
2cf1847f-0079-437e-a9e2-6ec96b3c9199;Château Haut Bazignan 2020;Bordeaux, France;Cabernet Sauvignon•Merlot;450,000₫;Château Haut Bazignan là chai vang đỏ đến từ vùng Bordeaux danh tiếng nước Pháp, một trong những vùng sản xuất rượu vang lớn và lâu đời nhất thế giới. Đây là chai vang tiêu biểu cho phong cách Bordeaux truyền thống: đậm đà, cân bằng, dễ uống trong tầm giá và phù hợp với nhiều đối tượng yêu vang.;"Château Haut Bazignan có màu đỏ ruby đậm với ánh tím nhẹ, biểu thị độ chín ổn của nho. Trên mũi và vị, rượu nổi bật bởi hương trái cây đỏ chín mọng như anh đào Đen, Mâm Sôi đen, hòa quyện cùng tầng hương phụ của xạ hương.

Tuy không phải là chai vang cao cấp nhưng là một lựa chọn Bordeaux rất đáng giá trong tầm giá phổ thông. Rượu thể hiện phong cách Bordeaux cổ điển dễ tiếp cận, phù hợp với cả người mới uống và những ai muốn một chai vang đỏ tròn vị, ấm và đầy nhưng không nặng nề hay quá phức tạp.";/wines/chateau-haut-bazignan-fixed.jpg;red;16-18°C;14.5%;Thịt đỏ, pasta, phô mai;Bưởi, mâm xôi, anh đào, dâu đen, xạ hương;"[""Bưởi"",""Mâm xôi"",""Anh đào"",""Dâu đen"",""Xạ hương""]";2020;Bordeaux, Pháp;1.5;6.5;6.0;5.5;;2025-12-24 07:53:42.2365+00;2025-12-24 08:43:18.725356+00
2bf699f5-5648-43b5-aaf1-93cf76bcbd91;Armador Sauvignon Blanc;Casablanca Valley, Chile;Sauvignon Blanc;625,000₫;"Đây là hiện thân của phong cách vang trắng Chile cao cấp: tinh khiết, sống động và đầy chiều sâu. ""Armador"" – tên gọi dành cho chủ sở hữu con tàu – không chỉ đánh dấu dòng rượu đầu tiên của Odfjell ra mắt từ năm 1999, mà còn tượng trưng cho tinh thần tiên phong.";"Odfjell Armador Sauvignon Blanc là hiện thân của phong cách vang trắng Chile cao cấp: tinh khiết, sống động và đầy chiều sâu. “Armador” – tên gọi dành cho chủ sở hữu con tàu – không chỉ đánh dấu dòng rượu đầu tiên của Odfjell ra mắt từ năm 1999, mà còn tượng trưng cho tinh thần tiên phong, hành trình khám phá và khát vọng thể hiện trọn vẹn bản sắc của terroir ven biển Chile.

Được làm từ 100% nho Sauvignon Blanc trồng theo phương pháp sinh học động tại thung lũng San Antonio mát lạnh, chỉ cách Thái Bình Dương khoảng 15 km, chai vang này hưởng trọn ảnh hưởng của gió biển, sương mù và nền đất giàu khoáng chất. Điều kiện tự nhiên lý tưởng giúp nho giữ được độ axit sắc nét và hương thơm thuần khiết. Nho được thu hoạch thủ công, lên men ở nhiệt độ thấp trong thùng thép không gỉ và ủ ngắn trên bã mịn, nhằm bảo toàn tối đa sự tươi mới và tinh tế.

Rượu có màu vàng rơm nhạt thanh thoát, mở ra hương thơm thanh khiết của bưởi, chanh, lý gai và hoa trắng, hòa quyện cùng nét khoáng mát lạnh đặc trưng vùng biển. Trên vòm miệng, Armador Sauvignon Blanc thể hiện cấu trúc cân bằng, tròn đầy, độ axit sống động và dư vị kéo dài, để lại cảm giác sảng khoái và tinh tế. Đây là lựa chọn lý tưởng cho những khoảnh khắc thưởng thức sang trọng, đặc biệt khi kết hợp cùng hải sản, cá tươi hoặc các món ăn nhẹ mang phong cách ẩm thực hiện đại.";/wines/armador-sauvignon-blanc-fixed.jpg;white;12°C;8.5%;Salad rau xanh, hải sản, cá tươi và các món nhẹ;Cam, chanh, lý gai, hoa nhài trắng, khoáng chất, độ acid sống động, dư vị kéo dài;"[""Quýt"",""Cam quýt"",""Đào"",""Táo"",""Lê"",""Dứa"",""Hoa nhài"",""Ớt chuông"",""Hoa"",""Cam"",""Khoáng chất""]";2021;San Antonio Valley, Chile;1.5;5.0;0.0;7.5;;2025-12-24 07:52:51.761483+00;2025-12-31 16:16:43.603399+00
ab1ebb7c-d77f-48b2-9cc3-d98cfbcc953b;Terres Rares 2022;Côtes du Tarn, France;Gamay•Braucol;780,000₫;Rượu vang Pháp Terres Rares Braucol Gamay là chai vang đỏ ngon của nhà sản xuất Vignobles Gayrel, được nhập khẩu trực tiếp nguyên chai từ tiểu vùng Cotes du Tarn, Tây Nam nước Pháp.;"Vùng đất đa dạng của miền Nam Tarn, với đặc tính thổ nhưỡng đất sét-đá vôi, mang đến chiều sâu và khoáng chất tuyệt vời, làm tăng thêm phẩm chất của nho. Những loại rượu vang đỏ quý hiếm này thường được sản xuất với số lượng hạn chế, khiến chúng đặc biệt được những người yêu rượu vang tìm kiếm sự chân thực và khám phá đánh giá cao. Mỗi loại đều mang phong cách và đặc trưng riêng, cũng như các nguyên tố đất hiếm đã được các thế hệ nhà sản xuất rượu vang kế tiếp nhau trong khu vực khám phá qua nhiều thế kỷ.

Braucol, còn được gọi là Fer Servadou, là một giống nho biểu tượng của Tây Nam nước Pháp, đặc biệt là ở vùng Tarn. Giống nho này thường được sử dụng trong các loại rượu vang pha trộn, nhưng một số nhà sản xuất rượu vang lại nhấn mạnh đặc tính độc đáo của nó trong các loại rượu vang đơn giống. Về phần Gamay mang đến sự tươi mát dễ chịu và hương thơm trái cây. Hai giống nho này kết hợp với nhau để tạo ra những loại rượu vang đỏ thanh lịch đan xen sự phức tạp trong kết cấu.";/wines/terres-rares-fixed.jpg;red;14-16°C;13%;Thịt trắng, salad, món nhẹ;Dâu tây, anh đào, chuối, mâm xôi;"[""Dâu tây"",""Anh đào"",""Chuối"",""Mâm xôi""]";2022;Tây Nam nước Pháp;3.0;6.0;4.0;6.0;;2025-12-24 07:52:51.761483+00;2025-12-31 16:19:04.70419+00
a3e8ce34-37f5-4c01-a989-d2cdbe65d2cc;Odfjell Aliara;Chile;28.5% Syrah•24.5% Carignan•16% Malbec•10% Carménère•8.5% Cabernet Sauvignon•7% Tempranillo•5.5% Tannat;3,850,000₫;Odfjell Aliara là chai vang đỏ biểu tượng của Odfjell Vineyards, đại diện cho đỉnh cao sáng tạo và triết lý làm vang hữu cơ cao cấp của Chile. Niên vụ 2018 khẳng định vị thế xuất sắc với 93 điểm James Suckling, 94 điểm Vinous, 95 điểm Descorchados.;"Odfjell Aliara là chai vang đỏ biểu tượng của nhà Odfjell Vineyards, đại diện cho đỉnh cao sáng tạo và triết lý làm vang bền vững của Chile. Niên vụ 2018 của Aliara đã khẳng định vị thế quốc tế với hàng loạt giải thưởng danh giá, đạt 93 điểm James Suckling, 94 điểm Vinous, 95 điểm Descorchados và Huy chương Bạc tại Global Organic & Vegan Wine Masters 2023, đưa Aliara vào hàng ngũ những dòng vang cao cấp được giới phê bình đánh giá rất cao.

Aliara là sự pha trộn tinh tế của nhiều giống nho danh tiếng, trong đó Carignan giữ vai trò trung tâm, kết hợp cùng Syrah, Malbec, Carménère, Cabernet Sauvignon, Tempranillo và Tannat. Nho được thu hoạch hoàn toàn thủ công từ những vườn nho hữu cơ có tuổi đời từ 20 đến 80 năm tại Cauquenes, Lontué và Maipo Valley – những vùng đất mát mẻ, giàu khoáng chất, chịu ảnh hưởng hài hòa giữa ánh nắng và gió biển. Chính điều kiện tự nhiên này đã tạo nên chiều sâu, cấu trúc và cá tính mạnh mẽ cho rượu.

Tên gọi Aliara được lấy cảm hứng từ “Liara” – chiếc cốc thiếc cổ dùng trên tàu buồm để đo khẩu phần rượu hàng ngày, như một sự tôn vinh truyền thống hàng hải và tinh thần khám phá. Nhãn chai mang hình ảnh tinh vân lửa giữa không gian vũ trụ, biểu trưng cho năng lượng nguyên thủy, sức mạnh sáng tạo và sự sống – cũng chính là linh hồn của chai vang này. Odfjell Aliara còn ghi dấu ấn đặc biệt khi góp phần nâng tầm giống nho Carignan, từ một giống nho từng bị xem nhẹ trở thành nền tảng của những chai vang đỏ cấu trúc, đậm đà và giàu tiềm năng lão hóa.

Rượu được ngâm lạnh trước khi lên men, lên men trong các bể nhỏ với men chọn lọc, trải qua quá trình malolactic tự nhiên và được ủ 18 tháng trong thùng gỗ sồi Pháp mới 100%, mang lại độ phức hợp và chiều sâu vượt trội. Trong ly, Aliara hiện lên với màu đỏ tím đậm sâu, hương thơm mãnh liệt của trái cây tối, ô liu, cà phê, thảo mộc xanh, hòa quyện cùng sô cô la, thuốc lá và gia vị. Trên vòm miệng, rượu thể hiện cấu trúc mạnh mẽ nhưng hài hòa, tannin chín mượt, độ axit cân đối và hậu vị dài, sâu, để lại ấn tượng sang trọng và khó quên.

Odfjell Aliara là lựa chọn lý tưởng cho những bữa tiệc trang trọng và những khoảnh khắc thưởng thức đỉnh cao, đặc biệt khi kết hợp cùng thịt cừu hầm, bò đỏ lửa hoặc phô mai lâu năm. Rượu ngon nhất khi được phục vụ ở nhiệt độ 15–18°C và decant từ 30 đến 60 phút trước khi thưởng thức, để bộc lộ trọn vẹn chiều sâu và sự tinh tế của một tuyệt tác vang Chile.";/wines/odfjell-aliara-fixed.jpg;red;16-18°C;14.5%;Thịt bò, thịt cừu, phô mai lâu năm;Dâu đen, gỗ sồi, gia vị, khoáng chất, da thuộc, vani, chocolate, mận, mâm xôi, dâu tây, hoa tím, thuốc lá;"[""Dâu đen"",""Gỗ sồi"",""Gia vị"",""Khoáng chất"",""Da thuộc"",""Vani"",""Sô-cô-la"",""Mận"",""Mâm xôi"",""Dâu tây"",""Hoa tím"",""Thuốc lá"",""Hoa""]";2018;Cauquenes, Lontué, Maipo Valley, Chile;2.0;8.0;6.0;5.0;;2025-12-24 07:50:33.816627+00;2025-12-24 08:45:00.260596+00
118cc9b3-9028-4ff3-95c5-3444cf89dfbf;Tempo d'Angélus 2020;Bordeaux, France;Cabernet Franc•Merlot;1,550,000₫;Tempo d'Angélus Bordeaux 2020 là chai vang đỏ được tạo nên bởi Château Angélus, điền trang danh tiếng của vùng Saint-Émilion, Bordeaux, thuộc sở hữu gia đình Boüard de Laforest từ năm 1910.;"Dưới sự dẫn dắt của Hubert de Boüard, Château Angélus đã trở thành biểu tượng của rượu vang Bordeaux hiện đại, từng đạt hạng Premier Grand Cru Classé A trước khi chủ động rút khỏi hệ thống phân hạng Saint-Émilion vào năm 2022 để giữ định hướng độc lập về chất lượng.

Được giới thiệu từ năm 2019 bởi Stéphanie de Boüard-Rivoal, với mục tiêu mang tinh thần và tay nghề của một Grand Cru đến gần hơn với người yêu vang. Đây là dòng rượu được sản xuất dưới tên gọi Bordeaux, theo phong cách tinh giản, dễ tiếp cận hơn so với Angelus, Carillon d'Angélus hay N°3 d'Angélus, nhưng vẫn giữ được chiều sâu, cấu trúc và sự tinh tế đặc trưng của nhà làm vang.

Niên vụ 2020 hưởng lợi từ mùa hè ấm áp, giúp nho chín đều và trọn vẹn. Rượu chủ yếu phối trộn từ Merlot và Cabernet Franc, lên men trong bể thép và ủ trong thùng gỗ sồi Pháp, tạo nên sự cân bằng hài hòa giữa trái cây chín, độ tươi và tannin mịn. Niên vụ này được đánh giá cao bởi James Suckling, Jeb Dunnuck, Wine Advocate và Decanter.";/wines/tempo-angelus-fixed.jpg;red;15-18°C;14.5%;Thịt bò, thịt cừu, phô mai lâu năm;Vani, chocolate, mocha, gỗ tuyết tùng, mận, dâu đen, mâm xôi, da thuộc;"[""Vani"",""Sô-cô-la"",""Mocha"",""Gỗ tuyết tùng"",""Mận"",""Dâu đen"",""Mâm xôi"",""Da thuộc""]";2020;Saint-Émilion, Bordeaux, Pháp;2.0;7.5;6.0;8.0;;2025-12-24 07:51:47.169475+00;2025-12-24 08:45:00.260596+00
e9c1b8b6-0bb7-4567-95ca-40615fdf7378;Eremo San Quirico DOC;Irpinia, Campania, Italy;Aglianico;2,650,000₫;Eremo San Quirico – Aglianico Campi Taurasini DOC là chai vang đỏ tiêu biểu đến từ vùng Irpinia, Campania, miền Nam nước Ý, nơi nổi tiếng với những đồi núi lửa quanh Taurasi. Đây là chai Magnum 1.5L.;"Tên gọi của rượu gắn liền với vùng đất cổ từng có ngựa hoang sinh sống và dấu tích của tu viện San Quirico, tạo nên chiều sâu lịch sử và bản sắc riêng. Giá trị biểu tượng này được thể hiện qua nhãn chai, trang trí bằng tác phẩm của họa sĩ đương đại Moreno Bondi.

Rượu được làm từ 100% nho Aglianico, trồng trên địa hình đồi núi lửa pha đất sét – đá vôi, mang lại cấu trúc mạnh mẽ và sắc thái khoáng rõ nét. Các vườn nho được canh tác theo hệ thống Guyot, kết hợp với những cây nho lâu năm kiểu Avellino, giúp nho đạt độ cân bằng cảm quan cao. Nho được thu hoạch thủ công vào tháng Mười, khi đạt độ chín tối ưu.

Quá trình sản xuất được kiểm soát chặt chẽ: nho được ép và ngâm vỏ khoảng ba tuần trong bể thép, sau đó rượu được ủ trong thùng gỗ sồi Pháp mới, tiếp tục nghỉ một năm trong chai để đạt sự hài hòa.

Trong ly, Eremo San Quirico thể hiện màu đỏ ruby đậm ánh tím. Hương thơm nổi bật của mứt mâm xôi và anh đào, tiếp nối là gia vị nồng, sô cô la đen, cùng các nốt da thuộc, thuốc lá và anh đào morello. Vị rượu đậm, cấu trúc tannin rõ nhưng mượt, hậu vị dài và sâu.";/wines/eremo-san-quirico-fixed.jpg;red;16°C;15%;Thịt nướng, thịt cừu, phô mai lâu năm, món Địa Trung Hải;Anh đào, lý chua, dâu tây, kem, vani, chocolate, thuốc lá, da thuộc, hoa tím, gỗ tuyết tùng, dâu đen;"[""Anh đào"",""Lý chua"",""Dâu tây"",""Kem"",""Vani"",""Sô-cô-la"",""Thuốc lá"",""Da thuộc"",""Hoa tím"",""Hoa"",""Gỗ tuyết tùng"",""Dâu đen""]";2018;Irpinia, Campania, Miền Nam nước Ý;4.5;8.0;4.5;2.5;;2025-12-24 07:50:33.816627+00;2025-12-24 08:45:31.184116+00
9a2359c1-f185-4866-ba40-42acfccde49f;Odfjell Orzada Carménère;Maule Valley, Chile;Carménère;825,000₫;"Odfjell Orzada Carménère mang đậm tinh thần tiên phong của nhà Odfjell Vineyards – một trong những nhà sản xuất rượu vang hữu cơ và sinh học hàng đầu Chile. Tên gọi ""Orzada"", trong thuật ngữ hàng hải, mang ý nghĩa ""đi ngược chiều gió"".";"Odfjell Orzada Carménère là chai vang đỏ cao cấp mang đậm tinh thần tiên phong của nhà Odfjell Vineyards – một trong những nhà sản xuất rượu vang hữu cơ và sinh học hàng đầu Chile. Tên gọi “Orzada”, trong thuật ngữ hàng hải, mang ý nghĩa “đi ngược chiều gió”, tượng trưng cho khát vọng đổi mới, dám khác biệt và hành trình theo đuổi chất lượng bền vững của Odfjell. Hình ảnh dòng xoáy trên nhãn chai gợi nhắc đến năng lượng tự nhiên và triết lý sinh học động học được áp dụng trong suốt quá trình canh tác.

Chai vang này được làm từ nho Carménère trồng tại vùng Maule, cụ thể là khu vực Cauquenes, nơi Odfjell có mối gắn kết sâu sắc với đất đai, con người và truyền thống lâu đời. Vườn nho nằm ở độ cao khoảng 170 mét so với mực nước biển, hưởng khí hậu ôn hòa, khô ráo, với những cơn gió mát từ Thái Bình Dương giúp điều tiết nhiệt độ trong suốt quá trình chín. Đất cát pha sét xen lẫn đá granit mang đến cho rượu chiều sâu khoáng chất và cấu trúc rõ nét. Nho được thu hoạch thủ công sớm hơn thông lệ để giữ độ tươi và cá tính riêng biệt của giống nho.

Rượu có màu đỏ sẫm sâu, mở ra hương thơm mãnh liệt và phức hợp của anh đào chín, mâm xôi, mận đen, hòa quyện cùng gia vị cay tinh tế, hồi, húng quế và nét trầm ấm của hộp xì gà. Trên vòm miệng, Orzada Carménère thể hiện cấu trúc đầy đặn, mọng nước và mạnh mẽ, tannin rõ nét nhưng mượt mà, độ axit tươi cân bằng, để lại hậu vị dài, cay nhẹ và giàu cảm xúc.

Odfjell Orzada Carménère là lựa chọn lý tưởng cho những thực khách yêu phong cách vang cá tính và chiều sâu, đặc biệt phù hợp khi kết hợp cùng thịt nướng, BBQ, rau củ nướng và các món ăn đậm vị, tôn vinh trọn vẹn tinh thần “đi ngược gió” đầy bản lĩnh của dòng vang hữu cơ cao cấp này.";/wines/odfjell-orzada-fixed.jpg;red;16°C;14%;Thịt nướng, thịt cừu, món ăn Địa Trung Hải;Vani, thuốc lá, da thuộc, anh đào, dâu đen, ớt chuông, gia vị;"[""Vani"",""Thuốc lá"",""Da thuộc"",""Anh đào"",""Dâu đen"",""Ớt chuông"",""Gia vị""]";2020;Cauquenes, Maule Valley, Chile;2.5;7.5;4.0;5.0;;2025-12-24 07:51:47.169475+00;2025-12-24 08:45:00.260596+00
afe49e49-4b25-40af-abd3-a149e6aa2a71;Château Le Bordieu 2020;Bordeaux Supérieur, France;Merlot•Cabernet Sauvignon;650,000₫;Château Le Bordieu là điền trang rượu vang lâu đời tại vùng Médoc, được xây dựng khoảng năm 1830 bởi Philippe Delacourt, Lãnh chúa Bourdieu. Lâu đài mang kiến trúc đặc trưng thế kỷ 19 và từng được ghi nhận trong Féret 1878.;"Đồng thời xuất hiện trong bảng phân loại Crus Bourgeois năm 1932, khẳng định vị thế lịch sử trong vùng Bordeaux. Tên gọi ""Le Bordieu"" đã xuất hiện từ thế kỷ 18, và đến nay chuồng chim bồ câu bằng đá cổ vẫn còn hiện diện giữa các vườn nho như một dấu ấn của quá khứ.

Vườn nho tọa lạc gần làng Valeyrac, trên các dải đất cao croupes gồm sỏi, cát và đất sét, lại gần cửa sông Gironde nên khí hậu ôn hòa, ổn định quanh năm. Tổng diện tích vườn nho 46 ha, trồng hai giống nho truyền thống của Médoc là Cabernet Sauvignon và Merlot. Sản lượng trung bình khoảng 260.000 chai/năm.

Nho được thu hoạch bằng máy, kết hợp phân loại cơ học và thủ công. Rượu lên men theo phương pháp truyền thống Médoc trong bể thép không gỉ và bê tông có kiểm soát nhiệt độ, ngâm vỏ kéo dài, sau đó ủ 12 tháng trong thùng gỗ sồi Pháp để đạt cấu trúc hài hòa và tròn vị.";/wines/chateau-le-bordieu-fixed.jpg;red;16-18°C;15%;Thịt bò, thịt cừu, phô mai cứng;Mận, gỗ tuyết tùng, bơ, thuốc lá, anh đào, vani;"[""Mận"",""Gỗ tuyết tùng"",""Bơ"",""Thuốc lá"",""Anh đào"",""Vani""]";2020;Médoc, Bordeaux, Pháp;1.0;7.0;6.0;5.5;;2025-12-24 07:52:51.761483+00;2025-12-24 08:43:18.725356+00
369a202d-91f9-4155-9fa6-2b53c85158dd;Masso Antico Primitivo;Puglia, Italy;Primitivo;650,000₫;Chai vang đỏ tiêu biểu đến từ vùng Puglia, miền Nam nước Ý. Rượu được làm từ 100% nho Primitivo, trồng theo phương pháp Alberello truyền thống, phơi khô tự nhiên theo phương pháp Appassimento để tạo độ cô đọng và phức hợp.;"Puglia là vùng sản xuất rượu vang lớn nhất nước Ý, nằm ở ""gót giày"" của bán đảo Ý. Khí hậu Địa Trung Hải ấm áp và đất đỏ giàu khoáng chất tạo điều kiện lý tưởng cho giống nho Primitivo phát triển.

Rượu có màu đỏ ruby đậm sâu, hương thơm phong phú của mận khô, nho khô, chocolate, vani và gia vị ngọt. Trên vòm miệng, rượu thể hiện cấu trúc đậm đà, mềm mại, tannin mượt như nhung, hậu vị dài và ấm áp.

Phương pháp Appassimento giúp cô đọng hương vị và tạo nên độ ngọt tự nhiên nhẹ nhàng, làm cho chai vang trở nên đặc biệt hấp dẫn.";/wines/masso-antico-fixed.jpg;red;14-16°C;14%;Thịt nướng, pasta, phô mai cứng;Mận, chocolate, vani, gia vị, dâu đen, thuốc lá, anh đào;"[""Mận"",""Sô-cô-la"",""Vani"",""Gia vị"",""Dâu đen"",""Thuốc lá"",""Anh đào""]";2020;Puglia, Miền Nam nước Ý;5.0;7.0;3.0;2.0;;2025-12-24 07:52:51.761483+00;2025-12-24 08:45:31.184116+00
4d613431-7f03-43c4-a12c-2de8733e710a;958 Santero Asti;Piemonte, Italy;Moscato;600,000₫;Chai vang sủi ngọt thanh lịch đến từ 958 Santero, nhà sản xuất danh tiếng được sáng lập năm 1958 tại vùng Piedmont. Trong ly, rượu khoác lên mình màu vàng rơm ánh xanh, điểm xuyết những chuỗi bọt mịn sống động.;"958 Santero Asti | Piemonte – Ý

958 Santero Asti là chai vang sủi ngọt thanh lịch đến từ 958 Santero, nhà sản xuất danh tiếng được sáng lập năm 1958 tại vùng Piedmont, Tây Bắc nước Ý bởi anh em nhà Santero. Trải qua hơn sáu thập kỷ phát triển, 958 Santero không chỉ khẳng định chất lượng rượu vang sủi mà còn tạo dấu ấn mạnh mẽ nhờ phong cách thiết kế táo bạo, sáng tạo và tiên phong – một biểu tượng giao thoa giữa truyền thống Ý và tinh thần đương đại.

Rượu được làm từ giống nho Moscato trồng tại Piedmont, vùng đất trứ danh của những chai vang sủi tinh tế bậc nhất nước Ý. Với phong cách ngọt vừa, tươi mới và dễ thưởng thức, 958 Santero Asti mang đến trải nghiệm nhẹ nhàng nhưng đầy cuốn hút, phù hợp với nhiều dịp và đối tượng thưởng thức.

Trong ly, rượu khoác lên mình màu vàng rơm ánh xanh, điểm xuyết những chuỗi bọt mịn sống động. Hương thơm lan tỏa nồng nàn nhưng thanh nhã, nổi bật với xô thơm, hoa đào và những nốt hương Muscat đặc trưng, hòa quyện cùng trái cây nhiệt đới chín mọng. Trên vòm miệng, rượu mang lại cảm giác tươi mát, cân bằng và sảng khoái, vị ngọt dịu hài hòa cùng cấu trúc mềm mại, dễ uống và đầy sức sống.

958 Santero Asti là lựa chọn lý tưởng để dùng làm vang khai vị, hoặc kết hợp tinh tế cùng thịt trắng, hải sản, cá và các món ăn nhẹ. Rượu đạt độ ngon tối ưu khi được phục vụ ở nhiệt độ 4–6°C, giúp tôn vinh trọn vẹn hương thơm và sự tươi mới đặc trưng.";/wines/santero-asti-fixed.jpg;sparkling;4-6°C;7%;Vang khai vị, thịt trắng, hải sản, cá và các món ăn nhẹ;Hoa cơm cháy, đào, nho Moscato, mật ong, bọt mịn sống động, ngọt dịu, tươi mát;"[""Xô thơm"",""Vỏ cam"",""Đào"",""Mận"",""Gừng"",""Thảo mộc"",""Cam"",""Hoa""]";Non-Vintage;Asti, Piemonte, Miền Bắc nước Ý;5.0;4.0;0.0;4.0;5.0;2025-12-24 07:53:42.2365+00;2025-12-24 08:43:43.882853+00
bde3765c-51e9-4065-9dfe-384c7bd6eebd;Aura Del Sol Icon 2015;Maule Valley, Chile;Cabernet Sauvignon;1,570,000₫;"Aura Del Sol Icon Cabernet Sauvignon là chai vang đỏ cao cấp đến từ Chile, mang trong mình ý nghĩa sâu sắc của biểu tượng ""Del Sol"" – Mặt Trời. Trong văn hóa Mapuche, mặt trời đại diện cho ánh sáng thiêng liêng, nguồn năng lượng sưởi ấm và nuôi dưỡng sự sống trên trái đất.";"Aura Del Sol Icon Cabernet Sauvignon – Biểu tượng ánh sáng và sự thịnh vượng từ Chile

Aura Del Sol Icon Cabernet Sauvignon là chai vang đỏ cao cấp đến từ Chile, mang trong mình ý nghĩa sâu sắc của biểu tượng “Del Sol” – Mặt Trời. Trong văn hóa Mapuche, mặt trời đại diện cho ánh sáng thiêng liêng, nguồn năng lượng sưởi ấm và nuôi dưỡng sự sống trên trái đất. Cũng giống như rượu vang, dù chỉ là một phần nhỏ trong vũ trụ bao la, nhưng lại chứa đựng giá trị tinh túy, trường tồn và đầy ý nghĩa.

Được tạo nên qua nhiều năm chăm sóc và hoàn thiện, Aura Del Sol Icon là sự kết hợp hài hòa giữa độ phức tạp và nét sang trọng, phản ánh trọn vẹn tinh thần của một dòng vang biểu tượng.

Nguồn gốc & Quy trình sản xuất

Nho được tuyển chọn từ vườn nho đơn lẻ 50 năm tuổi, với mật độ trồng 1.660 cây/ha và năng suất giới hạn chỉ 8 tấn/ha nhằm đảm bảo chất lượng trái nho tốt nhất. Hệ thống giàn che giúp kiểm soát ánh nắng và độ chín đồng đều.

Nho được thu hoạch thủ công vào cuối tháng 4, áp dụng phương pháp chọn lọc kép ngay tại vườn. Quá trình ngâm kéo dài 25–30 ngày theo phương pháp truyền thống, kết hợp kỹ thuật bơm và đục lỗ để chiết xuất tối ưu màu sắc, hương vị và tannin. Rượu lên men bằng men khô hoạt tính Bayanus, ở nhiệt độ 28–30°C, sau đó được ủ 18 tháng trong thùng gỗ sồi Pháp mới, tạo nên chiều sâu và cấu trúc vững chắc.

Cảm quan & Hương vị

Màu sắc: Đỏ đậm mạnh mẽ, đục lạnh, thể hiện hàm lượng pigment cao – dấu ấn của một chai vang đậm đà và cô đặc.

Hương thơm: Phức hợp và cuốn hút với mận chín, anh đào đen, hòa quyện cùng cam thảo, vani và ca cao.

Vị rượu: Đầy đặn, tannin vừa phải nhưng chắc chắn, cấu trúc hài hòa. Vị trái cây phong phú kết hợp cùng những nốt anh đào và kẹo bạc hà tinh tế.

Hậu vị: Dài, sâu lắng, để lại dư vị anh đào, kẹo bạc hà và gia vị kéo dài đầy ấn tượng.

Gợi ý thưởng thức

Aura Del Sol Icon Cabernet Sauvignon lý tưởng khi dùng cùng thịt đỏ, bò bít tết, mì ống, phi lê thịt lợn hoặc sô cô la đen. Nên decant từ 1–2 giờ trước khi thưởng thức để rượu mở ra trọn vẹn hương vị của một dòng Icon cao cấp.";/wines/aura-del-sol-fixed.jpg;red;16-18°C;14.5%;Thịt đỏ, bò bít tết, mì ống, phi lê thịt lợn hoặc sô cô la đen;Anh đào đen, cam thảo, hoa hồng khô, khoáng chất, kẹo bạc hà, tanin mịn, hậu vị dài;"[""Anh đào"",""Hoa khô"",""Cam thảo"",""Hoa hồng"",""Gia vị"",""Da thuộc"",""Khoáng chất""]";2015;Maule Valley, Chile;1.0;8.5;7.0;4.5;;2025-12-24 07:51:47.169475+00;2025-12-24 08:45:31.184116+00
8341874c-33ac-4711-a1fa-38955a00777a;Beau Marais Reserve Selection;Costières de Nîmes, France;Blend;450,000₫;Beau Marais Reserve Selection Prestige là chai vang đỏ phân khúc phổ thông đến từ vùng Costières de Nîmes, miền Nam nước Pháp, được sản xuất theo quy trình nghiêm ngặt nhất bởi SDGB Winery. Đây là khu vực hội tụ khí hậu Địa Trung Hải lý tưởng và thổ nhưỡng giàu sỏi đá.;"Vùng đất này mang đến chất lượng nho vượt trội, giúp nho chín đều và tạo nên phong cách vang đậm vị trái cây, dễ uống, phù hợp nhiều đối tượng.

Rượu được làm theo phương pháp truyền thống, lên men và ủ trong điều kiện kiểm soát, nhằm giữ lại sự tươi mới và ổn định hương vị. Rượu có màu đỏ ruby đậm, hương thơm rõ ràng của trái cây đen chín như Acai Berry, anh đào, mật ong, điểm thêm rất nhẹ hương gỗ sồi, vani và thảo mộc.

Khi thưởng thức, Beau Marais Reserve cho cảm giác tròn vị, tannin vừa phải, axit cân bằng, không quá gắt, không quá chát, rất dễ uống với người mới làm quen rượu vang. Hậu vị ở mức trung bình, gọn gàng và dễ chịu.

Chai vang này đặc biệt phù hợp dùng trong bữa ăn hằng ngày, tiệc gia đình, liên hoan, nhà hàng phổ thông hoặc làm table wine.";/wines/beau-marais-fixed.jpg;red;14-16°C;14%;Pizza Hải sản, Phô mai mềm: Brie, Camembert, Mozzarella;Acai Berry, anh đào, mật ong, gỗ sồi nhẹ, vani và thảo mộc;"[""Mật ong"",""Anh đào"",""Quả mọng"",""Đất""]";;Miền Nam nước Pháp;1.0;5.0;7.0;6.0;;2025-12-24 07:53:42.2365+00;2025-12-24 08:45:31.184116+00
abf63391-bd92-4234-b007-5b32e34647aa;Spanella Rosso;Puglia, Italy;Primitivo•Negroamaro;497,000₫;Spanella Rosso là chai vang đỏ khô đậm đà đến từ vùng Puglia, được sản xuất bởi Cevico Gruppo – tập đoàn rượu vang lớn nhất nước Ý. Rượu được phối trộn từ hai giống nho đặc trưng của miền Nam Ý là Primitivo và Negroamaro.;"Spanella Rosso là chai vang đỏ khô đậm đà đến từ vùng Puglia, được sản xuất bởi Cevico Gruppo – tập đoàn rượu vang lớn nhất nước Ý. Rượu được phối trộn từ hai giống nho đặc trưng của miền Nam Ý là Primitivo và Negroamaro, mang đến phong cách mạnh mẽ, tròn đầy và giàu cá tính.

Nho sau khi thu hoạch được xử lý bằng kỹ thuật đông lạnh và lên men trong điều kiện kiểm soát nhiệt độ nghiêm ngặt, không có oxy, nhằm bảo toàn tối đa hương thơm tự nhiên. Sau quá trình lên men, khoảng 30% rượu được ủ trong thùng gỗ sồi để gia tăng chiều sâu và độ phức hợp. Rượu đạt nồng độ 15%, thể hiện rõ nét phong cách vang Nam Ý đậm đà.

Trong ly, Spanella Rosso có màu đỏ tím sẫm. Hương thơm nồng nàn của dâu đen, nho đen, anh đào hòa quyện cùng quế và gia vị cay. Trên vòm miệng, rượu mang vị trái cây chín đỏ mãnh liệt, cấu trúc mượt mà, tannin mềm tròn và hậu vị kéo dài, sâu lắng.

Spanella Rosso đặc biệt phù hợp khi kết hợp cùng thịt đỏ, thịt thú rừng và các loại phô mai đậm vị. Rượu nên được phục vụ ở nhiệt độ 16–18°C để cảm nhận trọn vẹn hương vị.";/wines/spanella-rosso-fixed.jpg;red;16-18°C;15%;Pizza, pasta, thịt nướng;Dâu đen, mâm xôi, dâu tây, cam thảo, lý chua;"[""Dâu đen"",""Mâm xôi"",""Dâu tây"",""Cam thảo"",""Lý chua""]";;Puglia, Miền Nam nước Ý;2.0;7.0;5.0;4.0;;2025-12-24 07:53:42.2365+00;2025-12-24 08:45:00.260596+00
a5a290e7-71e3-433a-80f3-955bacd2ebe7;Eremo San Quirico Gold;Irpinia, Campania, Italy;Aglianico;1,750,000₫;Dòng vang đỏ cao cấp và giới hạn của nhà Nativ, được làm từ 100% nho Aglianico. Rượu có màu đỏ ruby đậm ánh tím. Hương thơm nổi bật của mứt anh đào, cherry đen. Đạt 99/100 điểm Luca Maroni.;"Eremo San Quirico Gold là phiên bản cao cấp nhất trong dòng Eremo San Quirico, được tuyển chọn từ những lô nho tốt nhất và ủ lâu hơn trong thùng gỗ sồi Pháp mới 100%.

Với 99/100 điểm từ Luca Maroni – một trong những nhà phê bình rượu vang uy tín nhất của Ý, chai vang này khẳng định vị thế đỉnh cao của nghệ thuật làm rượu vùng Campania.

Rượu thể hiện sự cô đọng và phức hợp tuyệt vời, với lớp hương vị sâu của mứt anh đào, cherry đen, chocolate đen, vani và gia vị nồng. Cấu trúc tannin chắc chắn nhưng mượt mà, hậu vị kéo dài và đầy ấn tượng.";/wines/eremo-san-quirico-gold-fixed.jpg;red;16°C;14.5%;Ẩm thực Địa Trung Hải, các món sốt thịt, thịt nướng, thịt thú rừng;Mứt anh đào, cherry đen, chocolate đen, vani, gia vị nồng, cấu trúc mạnh mẽ, hậu vị dài;"[""Anh đào"",""Dâu đen"",""Sô-cô-la"",""Vani"",""Dâu tây"",""Hoa tím"",""Gỗ tuyết tùng"",""Da thuộc"",""Ca cao"",""Kem"",""Hoa"",""Thuốc lá""]";2016;Irpinia Campi Taurasini, Campania, Miền Nam nước Ý;6.0;9.0;4.5;2.5;;2025-12-24 07:51:47.169475+00;2025-12-24 08:45:31.184116+00
cdc17b46-17cb-4662-a9a6-25312429e46a;Château Civrac-Lagrange 2018;Pessac-Léognan, France;50% Cabernet Sauvignon•42% Merlot•8% Petit Verdot;1,550,000₫;Château Civrac-Lagrange 2018 là chai vang đỏ đến từ Pessac-Léognan, khu vực danh tiếng thuộc vùng Graves của Bordeaux. Nơi đây nổi tiếng với thổ nhưỡng sỏi sâu pha cát và đất sét, có khả năng thoát nước rất tốt.;"Thổ nhưỡng đặc biệt buộc rễ nho phải ăn sâu vào lòng đất để hấp thụ khoáng chất, từ đó tạo nên phong cách vang thanh lịch, phức hợp và cân bằng. Khí hậu ôn đới đại dương với mùa hè ôn hòa và mùa thu kéo dài giúp nho chín chậm, đạt độ chín hoàn hảo mà vẫn giữ được độ tươi tự nhiên.

Rượu được phối trộn theo phong cách truyền thống của Pessac-Léognan, chủ yếu từ Merlot và Cabernet Sauvignon, có thể bổ sung một phần nhỏ Cabernet Franc. Niên vụ 2018 thể hiện rõ cá tính của vùng Graves với màu tím đậm, hương thơm nổi bật của trái cây đen chín như mận và mâm xôi đen, hòa quyện cùng nốt cafe nhẹ và sắc thái khoáng đặc trưng của đất sỏi.

Quy trình sản xuất theo phương pháp truyền thống Bordeaux, với thời gian ngâm ủ kéo dài và ủ trong thùng gỗ sồi, giúp rượu đạt được sự cân bằng hài hòa giữa cấu trúc tannin chắc chắn và độ tươi mát, đồng thời mang lại chiều sâu và tiềm năng phát triển tốt theo thời gian.";/wines/chateau-civrac-lagrange-fixed.jpg;red;16°C;13.5%;Thịt bò, thịt cừu, phô mai cứng;Mâm xôi, mận, mocha, dâu đen, hoa tím, da thuộc;"[""Mâm xôi"",""Mận"",""Mocha"",""Dâu đen"",""Hoa tím"",""Hoa"",""Da thuộc""]";2018;Graves, Bordeaux, Pháp;1.0;7.5;9.0;8.0;;2025-12-24 07:51:47.169475+00;2025-12-24 08:43:18.725356+00
4cef95be-017e-439b-8528-880a8b86d923;Château Franc Pipeau Descombes;Saint-Émilion Grand Cru, France;75% Merlot•25% Cabernet Franc;1,520,000₫;Château Franc Pipeau Descombes Saint-Émilion Grand Cru là chai vang đỏ đến từ bờ phải Bordeaux, vùng Saint-Émilion, với lịch sử điền trang bắt đầu từ năm 1680. Gia đình Bertrand đã gắn bó với vườn nho này qua năm thế hệ.;"Hiện do Jacques Bertrand và các con tiếp tục quản lý, kết hợp hài hòa giữa truyền thống lâu đời và kỹ thuật canh tác hiện đại.

Vườn nho được kiểm soát năng suất nghiêm ngặt thông qua thu hoạch xanh và tỉa lá, toàn bộ nho thu hoạch thủ công và phân loại kỹ trước khi lên men. Rượu được phối trộn theo phong cách cổ điển Saint-Émilion, với Merlot giữ vai trò chủ đạo, bổ sung Cabernet Franc và Cabernet Sauvignon, thu hoạch từ những thửa đất được xếp hạng Grand Cru. Sau khi lên men, rượu được ủ khoảng 15 tháng trong thùng gỗ sồi, giúp tăng chiều sâu và độ hài hòa.

Rượu có màu đỏ ruby đậm, hương thơm phức hợp của mận chín, dâu tây, lá nguyệt quế, trái cây tươi và ghi chú bánh mì nướng nhẹ. Trên vòm miệng, rượu thể hiện cấu trúc chắc chắn nhưng cân bằng, tannin mịn, vị trái cây tròn đầy, điểm thêm sắc thái mứt mận, anh đào, tiêu xanh và khoáng chất tinh tế.

Nhờ cấu trúc vững và quá trình ủ sồi dài, rượu cũng phù hợp lưu trữ trong hầm để tiếp tục phát triển hương vị theo thời gian.";/wines/chateau-franc-pipeau-fixed.jpg;red;15-18°C;14.5%;Thịt đỏ, vịt, phô mai;Mận, anh đào, lý chua, dâu tây, vani, dâu đen, thuốc lá, da thuộc;"[""Mận"",""Anh đào"",""Lý chua"",""Dâu tây"",""Vani"",""Dâu đen"",""Thuốc lá"",""Da thuộc""]";2020;Saint-Émilion, Bordeaux, Pháp;2.0;7.5;6.0;5.5;;2025-12-24 07:51:47.169475+00;2025-12-24 08:43:18.725356+00
c929ee6e-c897-4a37-a6ce-6ff9a9fa3af3;Clos Lunelles 2012;Castillon, Bordeaux, France;80% Merlot•10% Cabernet Franc•10% Cabernet Sauvignon;1,550,000₫;Clos Lunelles 2012 là chai vang đỏ đến từ vùng Castillon–Côtes de Bordeaux, từng bị lãng quên cho đến khi được Chantal và Gérard Perse – chủ sở hữu của Château Pavie, Pavie Decesse, Montbousquet và Bellevue-Mondotte – hồi sinh vào năm 2001.;"Nhờ tầm nhìn chiến lược và sự cầu toàn trong sản xuất, Clos Lunelles nhanh chóng trở thành một trong những điền trang tiêu biểu của Castillon, khẳng định giá trị thổ nhưỡng vốn bị bỏ qua trong nhiều năm.

Vườn nho rộng khoảng 8,5 ha, nằm tại Saint-Magne de Castillon trên cao nguyên Sainte-Colombe, phần mở rộng của cao nguyên đá vôi Saint-Émilion. Thổ nhưỡng đất sét pha đá vôi cùng những cây nho có tuổi đời trung bình hơn 40 năm, trồng chủ yếu Merlot kết hợp Cabernet Franc và Cabernet Sauvignon, mang lại cho rượu độ cô đọng, chiều sâu và cấu trúc bền vững.

Nho được thu hoạch hoàn toàn thủ công, lên men trong thùng thép không gỉ có kiểm soát nhiệt độ, ngâm vỏ kéo dài, sau đó lên men malolactic và ủ 24 tháng trong thùng gỗ sồi, trong đó 60% là thùng mới. Rượu được đóng chai không qua lọc, nhằm giữ trọn cá tính tự nhiên của terroir.

Niên vụ 2012 được đánh giá cao với 90 điểm Robert Parker và 16.5/20 từ Jancis Robinson, cho thấy tiềm năng phát triển tốt theo thời gian.";/wines/clos-lunelles-fixed.jpg;red;16-18°C;14%;Thịt nướng, thịt cừu, phô mai lâu năm;Vani, mận, anh đào, hoa tím, chocolate, dâu đen, gỗ tuyết tùng, thuốc lá, da thuộc;"[""Vani"",""Mận"",""Anh đào"",""Hoa tím"",""Sô-cô-la"",""Dâu đen"",""Hoa"",""Gỗ tuyết tùng"",""Thuốc lá"",""Da thuộc""]";2012;Castillon–Côtes de Bordeaux, Pháp;2.0;7.0;6.0;6.5;;2025-12-24 07:51:47.169475+00;2025-12-24 08:43:18.725356+00
20d07328-152c-433f-83f6-3d17ce446282;Confident Chardonnay Lodi;California, USA;Chardonnay;750,000₫;Chai vang trắng Mỹ mang phong cách hiện đại và tinh tế, được sản xuất bởi Tập đoàn Grands Chais de France. Rượu có màu vàng rơm sáng, hương thơm hài hòa của trái cây chín như táo vàng, lê, đào trắng. Huy chương Bạc IWC.;"Lodi là một trong những vùng trồng nho quan trọng nhất của California, được biết đến với khí hậu Địa Trung Hải lý tưởng và đất phù sa màu mỡ. Vùng này đặc biệt nổi tiếng với các giống nho như Zinfandel và Chardonnay.

Confident Chardonnay thể hiện phong cách vang trắng California hiện đại: tươi mát, trái cây và dễ uống. Rượu được lên men và ủ trong thùng thép không gỉ để giữ trọn độ tươi và hương thơm tự nhiên.

Trong ly, rượu có màu vàng rơm sáng với ánh xanh nhẹ. Hương thơm hài hòa của táo vàng, lê, đào trắng, vani nhẹ và bơ. Trên vòm miệng, rượu tròn đầy, mềm mại, với độ chua cân bằng và hậu vị sạch sẽ.";/wines/confident-chardonnay-fixed.jpg;white;7-10°C;13.5%;Hải sản, gà, salad, pasta kem;Táo, lê, đào, vani, bơ, chuối, kem;"[""Táo"",""Lê"",""Đào"",""Vani"",""Bơ"",""Chuối"",""Kem""]";2021;Lodi, California, Mỹ;4.0;9.0;0.0;6.0;;2025-12-24 07:52:51.761483+00;2025-12-24 08:43:18.725356+00
19e2b389-62ef-46cf-8c86-b9026996a0dd;Confident Zinfandel Lodi;California, USA;Zinfandel;750,000₫;Dòng vang Mỹ tiêu biểu được làm từ giống nho Zinfandel trồng tại Lodi – thủ phủ Zinfandel của thế giới. Rượu có màu đỏ ruby đậm, hương thơm phong phú của nho đen, nam việt quất, anh đào chín. Huy chương bạc IWC 2022.;"🍷 Confident Zinfandel Lodi – Vang đỏ Mỹ đậm đà, quyến rũ

Confident Zinfandel Lodi là chai vang đỏ khô tiêu biểu của Mỹ, được sản xuất bởi Tập đoàn Grands Chais de France (GCF) – một trong những nhà sản xuất rượu vang và rượu mạnh hàng đầu nước Pháp, thành lập năm 1979 với mạng lưới nhà máy và vườn nho trải dài khắp thế giới.

Rượu được làm từ giống nho Zinfandel trồng tại Lodi, California – vùng đất được mệnh danh là “thủ phủ Zinfandel của thế giới”, nơi chiếm tới 40% sản lượng Zinfandel chất lượng cao của bang California. Những cây nho Zinfandel già, không ghép, sinh trưởng tự nhiên trong điều kiện khí hậu ngày ấm – đêm mát, cùng thổ nhưỡng độc đáo, tạo nên trái nho đậm vị, cân bằng hoàn hảo giữa độ chín và độ axit.

🏅 Giải thưởng: Huy chương Bạc – International Wine Challenge 2022

Đặc điểm cảm quan:

Màu sắc: Đỏ ruby (hồng ngọc) đậm, ánh tím quyến rũ

Hương thơm: Nổi bật hương nho đen, nam việt quất, anh đào chín, dâu tây, hòa quyện cùng sô cô la tinh tế

Hương vị: Rượu chín mọng, mềm mại, dễ uống, tannin tròn trịa, hậu vị êm ái và kéo dài

Kết hợp món ăn:

Hoàn hảo khi dùng cùng thịt nướng, BBQ, pizza, burger, phô mai lâu năm hoặc các món ăn đậm đà gia vị.

🥂 Confident Chardonnay Lodi – Vang trắng Mỹ thanh lịch, cân bằng

Confident Chardonnay được làm từ giống nho Chardonnay trồng tại Lodi, California, một trong những vùng trồng nho hàng đầu của Mỹ. Sự kết hợp giữa đất cát, khí hậu ấm áp và làn gió mát từ Thái Bình Dương giúp nho chín đều, giữ được hương vị đậm đà cùng độ chua sống động.

Nho được thu hoạch ở độ chín lý tưởng, ép nhẹ và lên men trong thùng thép không gỉ ở nhiệt độ kiểm soát nhằm bảo toàn hương vị tươi mới. Sau đó, rượu được ủ trong thùng gỗ sồi, tạo thêm chiều sâu và nét thanh lịch đặc trưng.

🏅 Giải thưởng: Huy chương Bạc – International Wine Challenge (IWC)

Đặc điểm cảm quan:

Màu sắc: Vàng rơm sáng, ánh vàng nhẹ

Hương thơm: Hương trái cây chín như táo, lê, đào, điểm xuyết gia vị tinh tế và tiêu trắng

Hương vị: Tròn đầy, mượt mà, cân bằng giữa trái cây và gỗ sồi, hậu vị kéo dài với sắc thái cay nhẹ

Thưởng thức:

Phù hợp với khai vị lạnh, thịt trắng, thịt đỏ nhẹ, một số món cá và phô mai.";/wines/confident-zinfandel-fixed.jpg;red;16-18°C;14%;Thịt nướng BBQ, pizza, burger;Nho, nam việt quất, anh đào, tiêu, vani, gia vị, dâu đen, mận, khói;"[""Nho"",""Nam việt quất"",""Anh đào"",""Tiêu"",""Vani"",""Gia vị"",""Dâu đen"",""Mận"",""Khói""]";2021;Lodi, California, Mỹ;4.5;6.5;4.0;3.0;;2025-12-24 07:52:51.761483+00;2025-12-24 08:43:18.725356+00
88437ed6-b99b-442c-9a85-c659145d6094;Bubbles Moscato d'Asti DOCG;Piemonte, Italy;Moscato Bianco;630,000₫;Bubbles Moscato d'Asti DOCG là hiện thân thanh lịch của dòng vang ngọt sủi nhẹ trứ danh vùng Piemonte, được tạo tác bởi Bosio Family Estates – nhà làm vang gia đình danh tiếng với truyền thống từ năm 1967, tọa lạc giữa những triền đồi Moscato danh giá của Asti.;"Bubbles Moscato d’Asti DOCG là dòng vang trắng ngọt sủi nhẹ đến từ nhà làm vang Bosio, tọa lạc tại trung tâm vùng Langhe, Piemonte. Được thành lập năm 1967 bởi Egidio và Angela Bosio, nhà rượu khởi đầu từ những vườn nho nhỏ và từng bước phát triển bền vững. Ngày nay, Bosio sở hữu khoảng 500 ha vườn nho, canh tác theo phương pháp truyền thống, không sử dụng thuốc diệt cỏ hay thuốc trừ sâu, và được công nhận rộng rãi tại Ý cũng như nhiều thị trường quốc tế.

Rượu được làm hoàn toàn từ giống Moscato Bianco, thu hoạch vào đầu mùa thu tại các vườn nho của điền trang. Sau khi ép, nước nho được làm lạnh và giữ ổn định trong thời gian dài trước khi lên men có kiểm soát, giúp bảo toàn trọn vẹn hương thơm tự nhiên. Rượu sau đó được lọc, đóng chai và ủ thêm trong hầm rượu, tạo nên phong cách sủi nhẹ tinh tế đặc trưng của Moscato d’Asti.

Trong ly, Bubbles Moscato d’Asti có màu vàng rơm tươi sáng cùng những hạt bọt mịn. Hương thơm thanh thoát của táo, nho chín và hoa trắng lan tỏa nhẹ nhàng. Vị rượu hài hòa, ngọt dịu nhưng không ngấy, nổi bật với trái cây nhiệt đới như dứa, kết thúc bằng hậu vị tươi mát, dễ chịu.";/wines/bubbles-moscato-fixed.jpg;sparkling;5-8°C;5.5%;Tráng miệng, hoa quả, bánh ngọt;Cam quýt, mật ong, đào, táo, dứa, lê, gừng;"[""Cam quýt"",""Mật ong"",""Cam"",""Đào"",""Táo"",""Dứa"",""Lê"",""Gừng"",""Vỏ cam""]";2021;Asti, Piemonte, Miền Bắc nước Ý;6.0;4.0;0.0;3.0;1.0;2025-12-24 07:52:51.761483+00;2025-12-24 08:43:43.882853+00
4a74ccb2-f9f2-463d-93ce-148fd87bda0f;Anniversary Limited Edition;Irpinia, Campania, Italy;Aglianico;1,150,000₫;Anniversary là chai vang được nhà Nativ tạo ra dành cho những dịp kỷ niệm đặc biệt. Rượu có màu đỏ ruby sáng với ánh tím, hương thơm mở ra mận chín và trái cây đỏ, tiếp nối trên vòm miệng là những nốt chocolate và anh đào ngọt.;"Anniversary – Irpinia Aglianico DOC | Nativ (Ý)

Anniversary là chai vang được Nativ tạo ra dành riêng cho những dịp đặc biệt – một lựa chọn hoàn hảo để kỷ niệm các cột mốc đáng nhớ, mang đến trải nghiệm vị giác tinh tế trong thiết kế chai sang trọng và khác biệt.

Được làm từ giống nho Aglianico trứ danh, Anniversary đến từ vùng Irpinia, Campania (miền Nam nước Ý) – nơi có địa hình đồi cao, đất đá giàu khoáng chất và trầm tích, tạo điều kiện lý tưởng để nho phát triển với cấu trúc mạnh mẽ và chiều sâu hương vị. Nho được thu hoạch vào cuối tháng 10 – đầu tháng 11, khi đạt độ chín tối ưu.

Quy trình sản xuất được chăm chút kỹ lưỡng: tiền ngâm lạnh, ngâm vỏ khoảng 20 ngày, lên men với nấm men chọn lọc và hoàn tất lên men malolactic. Rượu sau đó được ủ 14 tháng trong thùng gỗ sồi Pháp 2,25 hl, giúp cấu trúc trở nên tròn trịa và phức hợp hơn. Nồng độ cồn đạt 14,5%, thể hiện rõ cá tính mạnh mẽ của giống Aglianico.

Cảm quan

Màu sắc: Đỏ ruby sáng với ánh tím quyến rũ

Hương thơm: Mận chín, trái cây đỏ nổi bật

Vị giác: Cân bằng và sâu lắng với nốt cà phê rang, anh đào ngọt, hậu vị kéo dài và tinh tế

Kết hợp ẩm thực & thưởng thức
Anniversary Nativ rất ngon khi uống riêng, nhưng sẽ thăng hoa hơn khi kết hợp cùng thịt nướng (bò, heo, cừu), phô mai lâu năm như gouda hoặc cheddar. Các món rau củ nướng như măng tây hay nấm cũng là lựa chọn thú vị cho trải nghiệm nhẹ nhàng hơn.
Nhiệt độ phục vụ lý tưởng từ 16–18°C – nên làm mát rượu nhẹ trước khi thưởng thức để cảm nhận trọn vẹn cấu trúc và hương vị.

Về nhà rượu Nativ
Nativ được thành lập năm 2008 tại Paternopoli, trung tâm vùng Irpinia, bởi tiến sĩ Mario Ercolino – chuyên gia rượu vang nổi tiếng – và tiến sĩ Roberta Pirone – chuyên gia khoa học thực phẩm. Với khoảng 15 ha vườn nho trên vùng đất núi lửa màu mỡ, Nativ tập trung thể hiện bản sắc Irpinian thông qua các giống nho bản địa như Aglianico và Primitivo. Mỗi chai vang của Nativ đều phản ánh rõ thổ nhưỡng, giống nho và phong cách riêng, giúp thương hiệu ngày càng được công nhận rộng rãi không chỉ tại châu Âu mà trên toàn thế giới.

👉 Anniversary Nativ không chỉ là một chai vang Ý cao cấp, mà còn là món quà tinh tế cho những khoảnh khắc đáng nhớ.";/wines/anniversary-fixed.jpg;red;15-18°C;14.5%;Anniversary Nativ rất ngon khi uống riêng, nhưng sẽ thăng hoa hơn khi kết hợp cùng thịt nướng (bò, heo, cừu), phô mai lâu năm như gouda hoặc cheddar. Các món rau củ nướng như măng tây hay nấm cũng là lựa chọn thú vị cho trải nghiệm nhẹ nhàng hơn.;Mận chín, trái cây đỏ, chocolate, anh đào ngọt, vani, gia vị;"[""Vani"",""Sô-cô-la"",""Dâu tây"",""Dâu đen"",""Hoa tím"",""Ca cao"",""Anh đào"",""Da thuộc"",""Hoa""]";2013;Irpinia, Campania, Miền Nam nước Ý;4.0;7.5;4.5;3.5;;2025-12-24 07:51:47.169475+00;2025-12-24 08:43:43.882853+00
301d3cc9-c931-46b5-8ba2-c38fabe26625;Vigné-Lourac Merlot Prestige;Gaillac, France;Merlot;780,000₫;Ra đời từ vùng Gaillac – một trong những vùng sản xuất rượu vang cổ xưa nhất nước Pháp, Vigné-Lourac Merlot Prestige mang trong mình hơi thở của lịch sử hơn 2.000 năm. Ngay từ thời La Mã cổ đại, Gaillac đã được biết đến như cái nôi của nghệ thuật làm vang, nơi những thửa nho bám rễ sâu vào lớp đất giàu khoáng chất bên dòng sông Tarn hiền hòa.;"Vigné-Lourac kế thừa truyền thống ấy, kết hợp kỹ thuật làm vang hiện đại để tạo nên chai Merlot Prestige 100% Merlot – giống nho biểu tượng của sự mềm mại, quyến rũ và cân bằng. Những trái nho được thu hoạch khi đạt độ chín tối ưu, phản ánh trọn vẹn đặc trưng thổ nhưỡng và khí hậu ôn hòa của miền Tây Nam nước Pháp.

Rượu khoác lên mình sắc đỏ ruby sâu thẳm, gợi nhớ những hầm rượu đá cổ kính nơi thời gian lắng đọng. Hương thơm mở ra đầy mê hoặc với trái cây đen và đỏ chín như mận, mâm xôi, cassis, hòa quyện tinh tế cùng cam thảo và gia vị nhẹ, tạo chiều sâu và cá tính rõ rệt. Trên vòm miệng, Vigné-Lourac Merlot Prestige thể hiện phong cách êm mượt, tròn đầy và hài hòa. Cấu trúc tannin mềm mại, hậu vị kéo dài, để lại cảm giác ấm áp và tinh tế – như một câu chuyện lịch sử được kể chậm rãi qua từng ngụm vang.";/wines/vigne-lourac-fixed.jpg;red;15-18°C;14%;Thịt đỏ, pasta, phô mai;Dâu tây, mâm xôi, mận, ca cao, gỗ sồi;"[""Dâu tây"",""Mâm xôi"",""Mận"",""Ca cao"",""Gỗ sồi""]";2022;Tây Nam nước Pháp;2.0;5.5;6.0;8.0;;2025-12-24 07:52:51.761483+00;2025-12-24 08:45:00.260596+00
4a1f92d0-115e-45d6-af96-518756512e50;Bicento 53;Irpinia, Campania, Italy;Aglianico;1,820,000₫;Dòng vang đỏ đặc biệt của nhà Nativ, được tạo nên từ những cây nho Aglianico cổ thụ trồng trên đất núi lửa vùng đồi Taurasi. Tên gọi Bicento nghĩa là gấp đôi 100, gợi nhắc đến nguồn gốc của những vườn nho có tuổi đời trên 200 năm.;"Bicento 53 là biểu tượng của sự kiên trì và đam mê của nhà Nativ trong việc bảo tồn và phát huy giá trị của giống nho Aglianico cổ thụ. Những cây nho già cỗi, bám rễ sâu vào lớp đất núi lửa giàu khoáng chất, cho ra những quả nho cô đọng và phức hợp.

Rượu được ủ trong thùng gỗ sồi Pháp mới trong thời gian dài, sau đó tiếp tục nghỉ trong chai để đạt sự hài hòa tối ưu. Trong ly, rượu thể hiện màu đỏ đen sâu thẳm, hương thơm mãnh liệt của trái cây đen đậm đặc, đất ẩm, da thuộc, gia vị phức hợp.

Đây là lựa chọn dành cho những người sưu tầm và yêu thích những chai vang có cá tính mạnh mẽ và tiềm năng phát triển lâu dài.";/wines/bicento-53-fixed.jpg;red;14-16°C;15%;Các món ăn truyền thống Địa Trung Hải, thịt quay, thịt thú rừng;Trái cây đen đậm đặc, đất ẩm, da thuộc, gia vị phức hợp, cấu trúc mạnh mẽ;"[""Dâu đen"",""Da thuộc"",""Đất"",""Gia vị"",""Khoáng chất"",""Sô-cô-la"",""Dâu tây"",""Anh đào""]";2018;Irpinia Campi Taurasini, Campania, Miền Nam nước Ý;3.5;8.0;5.5;3.5;;2025-12-24 07:50:33.816627+00;2025-12-24 08:45:31.184116+00